1,코스모스,칼 세이건,사이언스북스,자연과학,2006년 12월,1
2,이기적 유전자 The Selfish Gene,리처드 도킨스,을유문화사,자연과학,2018년 10월,2
3,인류의 미래,미치오 카쿠,김영사,자연과학,2019년 05월,3
4,떨림과 울림,김상욱,동아시아,자연과학,2018년 11월,4
5,수학이 필요한 순간,김민형,인플루엔셜,자연과학,2018년 08월,5
6,정재승의 과학콘서트,정재승,어크로스,자연과학,2011년 07월,6
7,보이는 세상은 실재가 아니다,카를로 로벨리,쌤앤파커스,자연과학,2018년 04월,7
8,모든 것은 그 자리에,올리버 색스,알마,자연과학,2019년 04월,8
9,10대의 뇌,프랜시스 젠슨,웅진지식하우스,자연과학,2019년 01월,9
10,미적분으로 바라본 하루,오스카 E. 페르난데스,프리렉,자연과학,2015년 01월,10
11,위험한 과학책,랜들 먼로,시공사,자연과학,2015년 04월,11
12,인체 구조 교과서,다케우치 슈지,보누스,자연과학,2019년 03월,12
13,한국의 민물고기,송호복,LG상록재단,자연과학,2019년 05월,13
14,페르마의 마지막 정리,사이먼 싱,영림카디널,자연과학,2014년 07월,14
15,우리는 왜 잠을 자야 할까,매슈 워커,열린책들,자연과학,2019년 02월,15
16,나는 정신병에 걸린 뇌 과학자입니다,바버라 립스카,심심,자연과학,2019년 03월,16
17,크로스 사이언스,홍성욱,21세기북스,자연과학,2019년 01월,17
18,나는 내가 죽었다고 생각했습니다,질 볼트 테일러,윌북(willbook),자연과학,2019년 01월,18
19,"화학, 알아두면 사는 데 도움이 됩니다",씨에지에양,지식너머,자연과학,2019년 03월,19
20,수학비타민 플러스,박경미,김영사,자연과학,2009년 12월,20
21,김상욱의 양자 공부,김상욱,사이언스북스,자연과학,2017년 12월,21
22,물리학자는 영화에서 과학을 본다,정재승,어크로스,자연과학,2012년 07월,22
23,청소년을 위한 코스모스,홍은주,생각의길,자연과학,2016년 07월,23
24,야밤의 공대생 만화,맹기완,뿌리와이파리,자연과학,2017년 07월,24
25,랩걸 Lab Girl,호프 자런,알마,자연과학,2017년 02월,25
26,인공지능을 위한 수학,이시카와 아키히코,프리렉,자연과학,2018년 11월,26
27,원더풀 사이언스,나탈리 앤지어,지호,자연과학,2010년 01월,27
28,운동화 신은 뇌,존 레이티,녹색지팡이,자연과학,2009년 09월,28
29,이토록 아름다운 수학이라면,최영기,21세기북스,자연과학,2019년 03월,29
30,거의 모든 것의 역사,빌 브라이슨,까치(까치글방),자연과학,2003년 12월,30
31,호킹의 빅 퀘스천에 대한 간결한 대답,스티븐 호킹,까치(까치글방),자연과학,2019년 01월,31
32,아름다움의 진화,리처드 프럼,동아시아,자연과학,2019년 04월,32
33,NEWTON HIGHLIGHT 뉴턴 하이라이트 122 중고등학교 화학,뉴턴프레스,(주)아이뉴턴,자연과학,2018년 09월,33
34,수소전기차 시대가 온다,권순우,가나출판사,자연과학,2019년 04월,34
35,수학으로 힐링하기,이수영,홍성사,자연과학,2016년 03월,35
36,우리 역사 속 수학 이야기,이장주,사람의무늬,자연과학,2012년 08월,36
37,생명과학을 쉽게 쓰려고 노력했습니다,박종현,책미래,자연과학,2019년 02월,37
38,스케일,제프리 웨스트,김영사,자연과학,2018년 07월,38
39,일렉트릭 유니버스,김명남,글램북스,자연과학,2014년 10월,39
40,"왜, 독감은 전쟁보다 독할까",브린 바너드,다른,자연과학,2011년 08월,40
41,프로그래머를 위한 확률과 통계,히라오카 카즈유키,길벗,자연과학,2019년 05월,41
42,김용운의 수학사,김용운,살림출판사,자연과학,2013년 07월,42
43,하리하라의 생물학 카페,이은희,궁리출판,자연과학,2002년 07월,43
44,신은 주사위 놀이를 하지 않는다,데이비드 핸드,더퀘스트,자연과학,2016년 04월,44
45,한국의 새,이우신,LG상록재단,자연과학,2014년 06월,45
46,코스모스,칼 세이건,사이언스북스,자연과학,2004년 12월,46
47,파란하늘 빨간지구,조천호,동아시아,자연과학,2019년 03월,47
48,저도 과학은 어렵습니다만,이정모,바틀비,자연과학,2018년 01월,48
49,침묵하는 우주,폴 찰스 윌리엄 데이비스,사이언스북스,자연과학,2019년 04월,49
50,공학의 눈으로 미래를 설계하라,연세대학교 공과대학,해냄,자연과학,2019년 03월,50
51,"법칙, 원리, 공식을 쉽게 정리한 수학 사전",와쿠이 요시유키,그린북,자연과학,2017년 09월,51
52,세상 모든 비밀을 푸는 수학,이창옥,사이언스북스,자연과학,2016년 07월,52
53,"통계학, 빅데이터를 잡다",조재근,한국문학사,자연과학,2017년 07월,53
54,느낌의 진화,안토니오 다마지오,arte(아르테),자연과학,2019년 05월,54
55,"법칙, 원리, 공식을 쉽게 정리한 물리·화학 사전",와쿠이 사다미,그린북,자연과학,2017년 09월,55
56,길 위의 수학자,릴리언 R. 리버,궁리출판,자연과학,2016년 08월,56
57,미술관에 간 수학자,이광연,어바웃어북,자연과학,2018년 02월,57
58,우리 집에 화학자가 산다,김민경,휴머니스트,자연과학,2019년 03월,58
59,크레이지 호르몬,랜디 허터 엡스타인,동녘사이언스,자연과학,2019년 04월,59
60,배낭에서 꺼낸 수학,안소정,휴머니스트,자연과학,2011년 12월,60
61,수학을 품은 야구공,고동현,영진닷컴,자연과학,2019년 05월,61
62,내 머릿속에선 무슨 일이 벌어지고 있을까,김대식,문학동네,자연과학,2014년 06월,62
63,부분과 전체,베르너 카를 하이젠베르크,서커스출판상회,자연과학,2016년 08월,63
64,NEWTON HIGHLIGHT 뉴턴 하이라이트 비주얼 물리,(주)아이뉴턴,(주)아이뉴턴,자연과학,2016년 07월,64
65,재밌어서 밤새읽는 화학 이야기,사마키 다케오,더숲,자연과학,2013년 02월,65
66,하리하라의 바이오 사이언스_유전과 생명공학,이은희,살림출판사,자연과학,2009년 01월,66
67,화학으로 이루어진 세상,권세훈,에코리브르,자연과학,2007년 03월,67
68,생명이 있는 것은 다 아름답다,최재천,효형출판,자연과학,2001년 01월,68
69,수학이 일상에서 이렇게 쓸모 있을 줄이야,클라라 그리마,하이픈,자연과학,2018년 12월,69
70,"수학, 인문으로 수를 읽다",이광연,한국문학사,자연과학,2014년 08월,70
71,진화의 배신,리 골드먼,부키,자연과학,2019년 01월,71
72,박경미의 수학N,박경미,동아시아,자연과학,2016년 02월,72
73,우리 본성의 선한 천사,김명남,사이언스북스,자연과학,2014년 08월,73
74,수학의 역사,지즈강,더숲,자연과학,2011년 11월,74
75,정원생활자의 열두 달,오경아,궁리출판,자연과학,2018년 03월,75
76,비행기 조종 교과서,김정환,보누스,자연과학,2016년 09월,76
77,후쿠시마에 남겨진 동물들,오오타 야스스케,책공장더불어,자연과학,2013년 03월,77
78,미술관에 간 화학자,전창림,어바웃어북,자연과학,2013년 02월,78
79,NEWTON HIGHLIGHT 뉴턴 하이라이트 상대성 이론,(주)아이뉴턴,(주)아이뉴턴,자연과학,2016년 11월,79
80,NEWTON HIGHLIGHT 뉴턴 하이라이트 삼각 함수의 세계,뉴턴코리아,뉴턴코리아,자연과학,2014년 07월,80
81,과학혁명의 구조,토마스 쿤,까치(까치글방),자연과학,2013년 09월,81
82,과학을 쿠키처럼,이효종(과학쿠키),청어람e(청어람미디어),자연과학,2019년 03월,82
83,사라진 스푼,샘 킨,해나무,자연과학,2011년 10월,83
84,소설처럼 아름다운 수학 이야기,김정희,혜다,자연과학,2018년 03월,84
85,명화 속 신기한 수학 이야기,이명옥,시공아트,자연과학,2005년 06월,85
86,디지털 유인원,나이절 섀드볼트,을유문화사,자연과학,2019년 04월,86
87,저도 과학은 어렵습니다만 2,이정모,바틀비,자연과학,2019년 03월,87
88,랜들 먼로의 친절한 과학 그림책,랜들 먼로,시공사,자연과학,2017년 03월,88
89,비행기 구조 교과서,나카무라 간지,보누스,자연과학,2017년 03월,89
90,자동차 구조 교과서,아오야마 모토오,보누스,자연과학,2015년 08월,90
91,이 문제 풀 수 있겠어?,알렉스 벨로스,북라이프,자연과학,2018년 08월,91
92,김상욱의 과학공부,김상욱,동아시아,자연과학,2016년 07월,92
93,건축 설계 도면 보는 법,차상모,시공문화사(spacetime),자연과학,2013년 02월,93
94,이중나선,제임스 왓슨,궁리출판,자연과학,2006년 07월,94
95,만화로 배우는 곤충의 진화,김도윤,한빛비즈,자연과학,2018년 10월,95
96,NEWTON HIGHLIGHT 뉴턴 하이라이트 최신 태양계 대도감,(주)아이뉴턴,(주)아이뉴턴,자연과학,2017년 05월,96
97,통제 불능,케빈 켈리,김영사,자연과학,2015년 12월,97
98,나무 도감,김용심,보리,자연과학,2019년 01월,98
99,x의 즐거움,스티븐 스트로가츠,웅진지식하우스,자연과학,2014년 07월,99
100,일상생활 속에 숨어 있는 수학,사쿠라이 스스무,살림Math,자연과학,2010년 10월,100
101,밑바닥부터 시작하는 딥러닝,사이토 고키,한빛미디어,IT,2017년 01월,1
102,알고리즘 문제 해결 전략 세트,구종만,인사이트(insight),IT,2012년 11월,2
103,Clean Code 클린 코드,로버트 C. 마틴,인사이트(insight),IT,2013년 12월,3
104,"아두이노, 상상을 현실로 만드는 프로젝트 입문편+아두이노 키트 세트",최재규,영진닷컴,IT,2017년 06월,4
105,윤성우의 열혈 자료구조,윤성우,오렌지미디어,IT,2012년 01월,5
106,모두의 알고리즘 with 파이썬,이승찬,길벗,IT,2017년 05월,6
107,프로그래머를 위한 선형대수,히라오카 카즈유키,길벗,IT,2017년 03월,7
108,골빈해커의 3분 딥러닝,(골빈해커)김진중,한빛미디어,IT,2017년 09월,8
109,모두의 아두이노,다카모토 다카요리,길벗,IT,2016년 06월,9
110,SQL 첫걸음,아사이 아츠시,한빛미디어,IT,2015년 11월,10
111,미래를 바꾼 아홉 가지 알고리즘,존 맥코믹,에이콘출판사,IT,2013년 05월,11
112,"알고리즘으로 배우는 인공지능, 머신러닝, 딥러닝 입문",김의중,위키북스,IT,2016년 07월,12
113,리팩토링,마틴 파울러,한빛미디어,IT,2012년 11월,13
114,IT 인프라 구조,야마자키 야스시,제이펍,IT,2015년 07월,14
115,인공지능 투자가 퀀트,권용진,카멜북스,IT,2017년 08월,15
116,SQL 전문가 가이드,한국데이터진흥원,한국데이터진흥원,IT,2013년 06월,16
117,모두의 스크래치,문혜영,길벗,IT,2017년 07월,17
118,데이터분석 자격검정 실전문제,한국데이터진흥원,한국데이터진흥원,IT,2017년 02월,18
119,실용주의 프로그래머,앤드류 헌트,인사이트(insight),IT,2014년 03월,19
120,컴퓨터과학이 여는 세계,이광근,인사이트(insight),IT,2017년 02월,20
121,윤성우의 열혈 TCP/IP 소켓 프로그래밍,윤성우,오렌지미디어,IT,2009년 12월,21
122,Hello Coding 그림으로 개념을 이해하는 알고리즘,아디트야 바르가바,한빛미디어,IT,2017년 04월,22
123,애자일 & 스크럼 프로젝트 관리,이재왕,길벗,IT,2016년 05월,23
124,소프트웨어 수업백과,홍지연,상상박물관,IT,2017년 10월,24
125,신경망 첫걸음,타리크 라시드,한빛미디어,IT,2017년 04월,25
126,그림 한 장으로 보는 최신 IT 트렌드,Saito Masanori,정보문화사,IT,2017년 11월,26
127,쉽게 배우는 소프트웨어 공학,김치수,한빛아카데미,IT,2015년 11월,27
128,그림과 이야기로 쉽게 배우는 소프트웨어와 코딩 첫걸음,김현정,궁리출판,IT,2017년 11월,28
129,운영체제,구현회,한빛아카데미,IT,2016년 06월,29
130,C로 배우는 쉬운 자료구조,이지영,한빛아카데미,IT,2016년 07월,30
131,파이썬 데이터 분석 입문,클린턴 브라운리,한빛미디어,IT,2017년 10월,31
132,ROS 로봇 프로그래밍,표윤석,루비페이퍼,IT,2017년 08월,32
133,개발자도 알아야할 소프트웨어 테스팅 실무,권원일,STA(소프트웨어테스팅연구소),IT,2010년 09월,33
134,딥러닝 첫걸음,김성필,한빛미디어,IT,2016년 12월,34
135,DDD START!,최범균,지앤선(志&嬋),IT,2016년 05월,35
136,처음 배우는 머신러닝,김승연,한빛미디어,IT,2017년 10월,36
137,소프트웨어 장인,산드로 만쿠소,길벗,IT,2015년 09월,37
138,모두의 데이터 과학 with 파이썬,드미트리 지노비에프,길벗,IT,2017년 07월,38
139,"아두이노, 상상을 현실로 만드는 프로젝트 실전편",이준혁,영진닷컴,IT,2016년 10월,39
140,누워서 읽는 알고리즘,임백준,한빛미디어,IT,2015년 10월,40
141,마이크로서비스 아키텍처 구축,샘 뉴먼,한빛미디어,IT,2017년 03월,41
142,마스터 알고리즘,페드로 도밍고스,비즈니스북스,IT,2016년 07월,42
143,칼퇴족 김 대리는 알고 나만 모르는 SQL,김지훈,책밥,IT,2014년 09월,43
144,게임 프로그래밍 패턴,로버트 나이스트롬,한빛미디어,IT,2016년 06월,44
145,데이터 아키텍처 자격 검정 실전 문제,한국데이터진흥원,한국데이터진흥원,IT,2016년 02월,45
146,TopCoder 탑코더 알고리즘 트레이닝,타카하시 나오히로,한빛미디어,IT,2013년 11월,46
147,아두이노 상상을 현실로 만드는 프로젝트 입문편,최재규,영진닷컴,IT,2015년 10월,47
148,아두이노 101,서영배,한빛미디어,IT,2016년 10월,48
149,사물인터넷을 위한 BBC micro:bit 프로그래밍,서영진,제이펍,IT,2017년 09월,49
150,아두이노 드론 만들고 코딩하고 날리기 입문,김수연,앤써북,IT,2017년 03월,50
151,4차 산업혁명을 이끌 IT 과학이야기,이재영,로드북,IT,2017년 07월,51
152,RxJava 프로그래밍,유동환,한빛미디어,IT,2017년 09월,52
153,컴퓨터 구조 및 설계,하David A. Patterson,한티미디어,IT,2015년 01월,53
154,데이터아키텍처 전문가 가이드 2013 Edition,한국데이터진흥원,한국데이터진흥원,IT,2010년 03월,54
155,코드이노로 배우는 21개의 프로젝트,최선오,아카데미소프트,IT,2015년 08월,55
156,New 정보통신개론,고응남,한빛아카데미,IT,2015년 09월,56
157,처음 배우는 인공지능,다다 사토시,한빛미디어,IT,2017년 06월,57
158,문제로 배우는 소프트웨어 테스팅 2,권원일,STA(소프트웨어테스팅연구소),IT,2012년 09월,58
159,클린 코더,로버트 마틴,에이콘출판사,IT,2016년 07월,59
160,최신 인공지능,칸자키 요지,위키북스,IT,2017년 04월,60
161,데이터베이스 첫걸음,미크,한빛미디어,IT,2016년 10월,61
162,레고 마인드스톰 EV3 마스터 가이드,로렌스 발크,인사이트(insight),IT,2015년 10월,62
163,가볍게 시작하는 통계학습,Gareth James,루비페이퍼,IT,2016년 04월,63
164,소프트웨어와 컴퓨팅 사고,김대수,생능출판사,IT,2016년 12월,64
165,코딩을 지탱하는 기술,니시오 히로카즈,비제이퍼블릭(BJ퍼블릭),IT,2013년 10월,65
166,Code Complete 코드 컴플리트 2,스티브 맥코넬,위키북스,IT,2017년 07월,66
167,컴퓨터 구조와 원리 2.0,신종홍,한빛아카데미,IT,2013년 08월,67
168,아두이노 자율주행 RC카 만들고 직접 코딩하기,서민우,앤써북,IT,2017년 07월,68
169,UML 실전에서는 이것만 쓴다,로버트 C. 마틴,인사이트(insight),IT,2010년 12월,69
170,Introduction to Algorithms,토머스 코멘,한빛아카데미,IT,2014년 06월,70
171,"아두이노, 상상을 현실로 만드는 프로젝트 세트 : 입문편 + 실전편",이준혁,영진닷컴,IT,2016년 11월,71
172,도메인 주도 설계 핵심,반 버논,에이콘출판사,IT,2017년 09월,72
173,클린 소프트웨어,로버트 C. 마틴,제이펍,IT,2017년 05월,73
174,텐서플로 첫걸음,조르디 토레스,한빛미디어,IT,2016년 08월,74
175,만들면서 배우는 Git+GitHub 입문,윤웅식,한빛미디어,IT,2015년 08월,75
176,라즈베리파이 3을 이용한 사물인터넷 기초부터 실무까지,김경희,동일출판사,IT,2016년 09월,76
177,따라 하면서 배우는 아두이노,허경용,한빛아카데미,IT,2016년 06월,77
178,맥 쓰는 사람들과 함께하는 macOS 하이 시에라,고래돌이(김상우),한빛미디어,IT,2017년 11월,78
179,스크래치 for 아두이노,우지윤,디지털북스,IT,2015년 06월,79
180,소프트 스킬,존 손메즈,길벗,IT,2015년 11월,80
181,"알고리즘 트레이닝 : 자료 구조, 알고리즘 문제 해결 핵심 노하우",스티븐 할림,인사이트(insight),IT,2017년 06월,81
182,컴퓨터 프로그램의 구조와 해석,해럴드 애빌슨,인사이트(insight),IT,2016년 01월,82
183,코딩 더 매트릭스,Philip N. Klein,루비페이퍼,IT,2015년 05월,83
184,하이스쿨 아두이노,SADA,제이펍,IT,2015년 10월,84
185,새로쓴 대용량 데이터베이스 솔루션 Vol.1,이화식,엔코아정보컨설팅(이화식),IT,2005년 12월,85
186,웹 데이터 수집의 기술,타쿠로 사사키,한빛미디어,IT,2017년 08월,86
187,피플웨어,톰 드마르코,인사이트(insight),IT,2014년 07월,87
188,인공지능 1,스튜어트 러셀,제이펍,IT,2016년 01월,88
189,COMPUTER VISION 컴퓨터 비전,오일석,한빛아카데미,IT,2014년 07월,89
190,비트브릭 : 스크래치로 구현하는 피지컬 컴퓨팅,김경하,한빛아카데미,IT,2017년 10월,90
191,자바 네트워크 소녀 네티,정경석,한빛미디어,IT,2015년 10월,91
192,정석으로 배우는 딥러닝,스고모리 유우스케,위키북스,IT,2017년 11월,92
193,레고 ® 마인드스톰 ® EV3 로봇 프로젝트,다니엘 베네데텔리,인사이트(insight),IT,2016년 01월,93
194,Elasticsearch in Action,라두 게오르게,에이콘출판사,IT,2016년 10월,94
195,전자부품 백과사전 vol.1,찰스 플랫,한빛미디어,IT,2015년 01월,95
196,엔트리 & 햄스터,황준,한빛아카데미,IT,2016년 09월,96
197,인공지능 70,미야케 요이치로,제이펍,IT,2017년 07월,97
198,그림으로 배우는 알고리즘,스기우라 켄,영진닷컴,IT,2016년 06월,98
199,시스템 성능 구조,오다 케이지,제이펍,IT,2015년 05월,99
200,맨먼스 미신,프레더릭 브룩스,인사이트(insight),IT,2015년 03월,100
201,여행의 이유,김영하,문학동네,에세이,2019년 04월,1
202,고요할수록 밝아지는 것들,혜민,수오서재,에세이,2018년 12월,2
203,나는 나로 살기로 했다,김수현,마음의숲,에세이,2016년 11월,3
204,연필로 쓰기,김훈,문학동네,에세이,2019년 03월,4
205,타인의 시선을 의식해 힘든 나에게,글배우(김동혁),21세기북스,에세이,2019년 04월,5
206,"걷는 사람, 하정우",하정우,문학동네,에세이,2018년 11월,6
207,장수 고양이의 비밀,무라카미 하루키,문학동네,에세이,2019년 05월,7
208,내 인생의 해답,캐롤 볼트,쇼비(쇼비픽쳐스),에세이,2010년 12월,8
209,언어의 온도,이기주,말글터,에세이,2016년 08월,9
210,내가 확실히 아는 것들,오프라 윈프리,북하우스,에세이,2014년 12월,10
211,좋은지 나쁜지 누가 아는가,류시화,더숲,에세이,2019년 03월,11
212,하마터면 열심히 살 뻔했다 (벚꽃 에디션),하완,웅진지식하우스,에세이,2018년 04월,12
213,"곰돌이 푸, 행복한 일은 매일 있어",곰돌이 푸,알에이치코리아(RHK),에세이,2018년 03월,13
214,깃털 도둑,커크 월리스 존슨,흐름출판,에세이,2019년 05월,14
215,죽고 싶지만 떡볶이는 먹고 싶어 2,백세희,흔,에세이,2019년 05월,15
216,죽고 싶지만 떡볶이는 먹고 싶어,백세희,흔,에세이,2018년 06월,16
217,그 찬란한 빛들 모두 사라진다 해도,줄리 입 윌리엄스,나무의철학,에세이,2019년 04월,17
218,그쪽의 풍경은 환한가,심보선,문학동네,에세이,2019년 05월,18
219,엄마에게 안부를 묻는 밤,박애희,걷는나무,에세이,2019년 01월,19
220,"여보, 나 좀 도와줘",노무현,돌베개,에세이,2019년 05월,20
221,나는 꿈꾸는 간호사입니다,김리연,허밍버드,에세이,2019년 05월,21
222,골든아워 2,이국종,흐름출판,에세이,2018년 10월,22
223,골든아워 1,이국종,흐름출판,에세이,2018년 10월,23
224,참 소중한 너라서,김지훈,진심의꽃한송이,에세이,2018년 12월,24
225,여자 둘이 살고 있습니다,김하나,위즈덤하우스,에세이,2019년 02월,25
226,무례한 사람에게 웃으며 대처하는 법,정문정,가나출판사,에세이,2018년 01월,26
227,당신의 마음을 안아줄게요,김지훈,진심의꽃한송이,에세이,2019년 02월,27
228,있으려나 서점,요시타케 신스케,온다,에세이,2018년 07월,28
229,우리 이제 낭만을 이야기합시다,김도훈,웨일북,에세이,2019년 03월,29
230,오늘은 이만 좀 쉴게요,손힘찬,부크럼,에세이,2018년 07월,30
231,모든 순간이 너였다,하태완,위즈덤하우스,에세이,2018년 02월,31
232,"멈추면, 비로소 보이는 것들",혜민,수오서재,에세이,2017년 03월,32
233,"아무튼, 술",김혼비,제철소,에세이,2019년 05월,33
234,게으른 게 아니라 충전 중입니다,댄싱스네일,허밍버드,에세이,2019년 02월,34
235,완벽하지 않은 것들에 대한 사랑,혜민,수오서재,에세이,2016년 02월,35
236,"라이언, 내 곁에 있어줘",전승환,arte(아르테),에세이,2019년 02월,36
237,죽음의 수용소에서,빅터 프랭클,청아출판사,에세이,2005년 08월,37
238,마음의 결,태희,피어오름,에세이,2019년 05월,38
239,"곰돌이 푸, 서두르지 않아도 괜찮아",곰돌이 푸,알에이치코리아(RHK),에세이,2018년 05월,39
240,모든 것은 그 자리에,올리버 색스,알마,에세이,2019년 04월,40
241,연애 백문백답,유민지,우리사이플래닛,에세이,2019년 02월,41
242,무리하지 않는 선에서,한수희,휴머니스트,에세이,2019년 04월,42
243,나는 어른이 되어서도 가끔 울었다,투에고,알에이치코리아(RHK),에세이,2019년 05월,43
244,숨결이 바람 될 때,폴 칼라니티,흐름출판,에세이,2016년 08월,44
245,100 인생 그림책,하이케 팔러,사계절,에세이,2019년 02월,45
246,박가가 오늘도 수영일기,박새미,유노북스,에세이,2019년 05월,46
247,우리 가족은 꽤나 진지합니다,봉태규,더퀘스트,에세이,2019년 04월,47
248,숲을 닮은 너에게,애뽈,시드앤피드,에세이,2019년 05월,48
249,빈센트 나의 빈센트,정여울,21세기북스,에세이,2019년 03월,49
250,잠시 고양이면 좋겠어,나응식,김영사,에세이,2019년 05월,50
251,"나를 잃지 마, 어떤 순간에도",조유미,허밍버드,에세이,2019년 04월,51
252,태도의 말들,엄지혜,유유,에세이,2019년 02월,52
253,"잘못한 게 아니야, 잘 몰랐던 거야",최태정,경향비피,에세이,2019년 05월,53
254,나는 심리치료사입니다,메리 파이퍼,위고,에세이,2019년 04월,54
255,내가 너라도 그랬을 거야,김나윤,김영사,에세이,2019년 03월,55
256,삶으로 다시 떠오르기,에크하르트 톨레,연금술사,에세이,2013년 08월,56
257,"마음아, 넌 누구니",박상미,한국경제신문사(한경비피),에세이,2018년 08월,57
258,시를 잊은 그대에게,정재찬,휴머니스트,에세이,2015년 06월,58
259,혼자여서 괜찮은 하루,곽정은,해의시간,에세이,2019년 02월,59
260,새는 날아가면서 뒤돌아보지 않는다,류시화,더숲,에세이,2017년 02월,60
261,나는 내 파이를 구할 뿐 인류를 구하러 온 게 아니라고,김진아,바다출판사,에세이,2019년 04월,61
262,빨강머리 앤이 하는 말,백영옥,arte(아르테),에세이,2016년 07월,62
263,사랑의 기술,에리히 프롬,문예출판사,에세이,2000년 05월,63
264,"아직, 도쿄",임진아,위즈덤하우스,에세이,2019년 04월,64
265,뼈 있는 아무 말 대잔치,고영성,로크미디어,에세이,2018년 09월,65
266,약간의 거리를 둔다,소노 아야코,책읽는고양이,에세이,2016년 10월,66
267,뜻밖의 위로,박정은,이봄,에세이,2015년 12월,67
268,내 인생이다 임마,장성규,넥서스BOOKS,에세이,2019년 05월,68
269,불안,알랭 드 보통,은행나무,에세이,2011년 12월,69
270,순례자,파울로 코엘료,문학동네,에세이,2011년 10월,70
271,인생 수업,엘리자베스 퀴블러 로스,이레,에세이,2006년 06월,71
272,엄마가 모르는 교사의 속마음,민상기,행성B,에세이,2019년 05월,72
273,밤의 공항에서,최갑수,보다북스,에세이,2019년 05월,73
274,살아온 기적 살아갈 기적,장영희,샘터,에세이,2019년 04월,74
275,"스폰지밥, 언제나 내 마음대로 즐거워",네모바지 스폰지밥,위즈덤하우스,에세이,2019년 04월,75
276,슬픔을 공부하는 슬픔,신형철,한겨레출판,에세이,2018년 09월,76
277,"아무튼, 요가",박상아,위고,에세이,2019년 05월,77
278,노무현 대통령의 지붕 낮은 집,사람사는세상 노무현재단,사람사는세상 노무현재단,에세이,2019년 03월,78
279,신영철 박사의 그냥 살자,신영철,김영사,에세이,2019년 03월,79
280,운다고 달라지는 일은 아무것도 없겠지만,박준,난다,에세이,2017년 07월,80
281,지금 이 순간을 살아라,에크하르트 톨레,양문,에세이,2008년 09월,81
282,걸어서 환장 속으로,곽민지,달,에세이,2019년 04월,82
283,소소한 근육과 슬기로운 식사가 필요합니다,박영희,봄날에,에세이,2019년 05월,83
284,용기를 잃지 말고 힘내요,김지훈,진심의꽃한송이,에세이,2018년 10월,84
285,김영하 산문 세트,김영하,문학동네,에세이,2015년 11월,85
286,삶과 문학의 경계를 걷다,김종회,비채,에세이,2019년 05월,86
287,모리와 함께한 화요일,미치 앨봄,살림출판사,에세이,2017년 06월,87
288,아침의 피아노,김진영,한겨레출판,에세이,2018년 10월,88
289,행복한 여자는 글을 쓰지 않는다,최연지,레드박스,에세이,2019년 06월,89
290,이유있는 생명,김은수,새녘,에세이,2019년 05월,90
291,일간 이슬아 수필집,이슬아,헤엄,에세이,2018년 10월,91
292,"미안하지만, 오늘은 내 인생이 먼저예요",이진이,위즈덤하우스,에세이,2018년 11월,92
293,내가 너를 사랑한 시간 내가 너를 사랑할 시간,연애세포,피카(FIKA),에세이,2019년 04월,93
294,월든,헨리 데이비드 소로우,은행나무,에세이,2011년 08월,94
295,오늘의 메뉴는 제철 음식입니다,박찬일,달,에세이,2019년 05월,95
296,보노보노처럼 살다니 다행이야,김신회,놀,에세이,2017년 04월,96
297,혜민 스님의 따뜻한 응원,혜민,수오서재,에세이,2016년 12월,97
298,나는 가해자의 엄마입니다,수 클리볼드,반비,에세이,2016년 07월,98
299,나는 프랑스 샤토에 산다,허은정,청출판,에세이,2019년 05월,99
300,참 애썼다 그것으로 되었다,정영욱,부크럼,에세이,2018년 08월,100
301,설민석의 조선왕조실록,설민석,세계사,역사,2016년 07월,1
302,나의 문화유산답사기 : 중국편 1 돈황과 하서주랑,유홍준,창비,역사,2019년 04월,2
303,나의 문화유산답사기 : 중국편 2 막고굴과 실크로드의 관문,유홍준,창비,역사,2019년 04월,3
304,역사의 역사,유시민,돌베개,역사,2018년 06월,4
305,오! 한강 세트,김세영,가디언,역사,2019년 04월,5
306,"총, 균, 쇠",재레드 다이아몬드,문학사상,역사,2005년 12월,6
307,인류를 구한 12가지 약 이야기,정승규,반니,역사,2019년 05월,7
308,나의 한국현대사,유시민,돌베개,역사,2014년 07월,8
309,설민석의 무도 한국사 특강,설민석,휴먼큐브,역사,2017년 11월,9
310,우린 너무 몰랐다,김용옥,통나무,역사,2019년 01월,10
311,대항해시대의 탄생,송동훈,시공사,역사,2019년 04월,11
312,나의 문화유산답사기 : 산사 순례,유홍준,창비,역사,2018년 08월,12
313,세계사를 바꾼 10가지 약,사토 겐타로,사람과나무사이,역사,2018년 05월,13
314,설민석의 첫출발 한국사 연표 (보급판),설민석,휴먼큐브,역사,2016년 02월,14
315,지리의 힘,팀 마샬,사이,역사,2016년 08월,15
316,나의 문화유산답사기 9 : 서울편 1,유홍준,창비,역사,2017년 08월,16
317,"총, 균, 쇠",재레드 다이아몬드,문학사상,역사,2013년 03월,17
318,녹두서점의 오월,김상윤,한겨레출판,역사,2019년 04월,18
319,스페인은 순례길이다,김희곤,오브제,역사,2019년 04월,19
320,세계사 최대한 쉽게 설명해 드립니다,만프레트 마이,이화북스,역사,2018년 12월,20
321,한국사를 보다 2,박찬영,리베르스쿨,역사,2011년 08월,21
322,오래된 미래,헬레나 노르베리-호지,중앙북스(books),역사,2015년 07월,22
323,세계사를 움직이는 다섯 가지 힘,사이토 다카시,뜨인돌,역사,2009년 10월,23
324,나의 문화유산답사기 10 : 서울편 2,유홍준,창비,역사,2017년 08월,24
325,지도에서 사라진 나라들,도현신,서해문집,역사,2019년 05월,25
326,에로틱 세계사,난젠 & 피카드,오브제,역사,2019년 03월,26
327,역사란 무엇인가,E.H. 카,까치(까치글방),역사,2015년 03월,27
328,나의 문화유산답사기 일본편 4 교토의 명소,유홍준,창비,역사,2014년 11월,28
329,논쟁으로 읽는 한국 현대사,김호기,메디치미디어,역사,2019년 04월,29
330,음식으로 읽는 중국사,윤덕노,더난출판사,역사,2019년 05월,30
331,본격 한중일 세계사 5,굽시니스트,위즈덤하우스,역사,2019년 04월,31
332,결국 이기는 사마의,친타오,더봄,역사,2018년 11월,32
333,칼과 책,동핑,글항아리,역사,2019년 05월,33
334,글이 만든 세계,마틴 푸크너,까치(까치글방),역사,2019년 04월,34
335,서민 교수의 의학세계사,서민,생각정원,역사,2018년 12월,35
336,나의 문화유산답사기 일본편 1 규슈,유홍준,창비,역사,2013년 07월,36
337,문명과 수학,김형준,민음인,역사,2014년 01월,37
338,징비록,김흥식,서해문집,역사,2014년 11월,38
339,35년 1~3 세트,박시백,비아북,역사,2018년 01월,39
340,세상에서 가장 짧은 세계사,존 허스트,위즈덤하우스,역사,2017년 11월,40
341,나의 문화유산답사기 일본편 3 교토의 역사,유홍준,창비,역사,2014년 05월,41
342,참모로 산다는 것,신병주,매일경제신문사,역사,2019년 01월,42
343,유배지에서 보낸 편지,정약용,창비,역사,2009년 10월,43
344,한뼘 한국사,만인만색연구자네트워크,푸른역사,역사,2018년 10월,44
345,조선왕조실톡 1,변지민,이마,역사,2015년 08월,45
346,나의 문화유산답사기 1,유홍준,창비,역사,2011년 05월,46
347,설탕의 세계사,가와기타 미노루,좋은책만들기,역사,2003년 10월,47
348,만세열전,조한성,생각정원,역사,2019년 01월,48
349,모든 권력은 간신을 원한다,이성주,추수밭,역사,2019년 05월,49
350,살아있는 한국사 교과서 1,전국역사교사모임,휴머니스트,역사,2019년 03월,50
351,학교에서 가르쳐주지 않는 세계사,신상목,뿌리와이파리,역사,2019년 04월,51
352,사기열전 1,사마천,민음사,역사,2015년 06월,52
353,장일순 평전,김삼웅,두레,역사,2019년 05월,53
354,돈의 흐름으로 읽는 세계사,오무라 오지로,위즈덤하우스,역사,2018년 02월,54
355,한 권으로 읽는 자치통감,사마광,현대지성,역사,2019년 04월,55
356,처음 읽는 미국사,전국역사교사모임,휴머니스트,역사,2018년 12월,56
357,최태성 한국사 수업,최태성,메가스터디,역사,2018년 03월,57
358,조선왕조실톡 3,변지민,이마,역사,2016년 04월,58
359,세계 최고의 여행기 열하일기 상,박지원,북드라망,역사,2013년 09월,59
360,나의 문화유산답사기 6,유홍준,창비,역사,2011년 05월,60
361,"정신 위에 지은 공간, 한국의 서원",김희곤,미술문화,역사,2019년 05월,61
362,미국 400년 계급사,낸시 아이젠버그,살림출판사,역사,2019년 04월,62
363,무역의 세계사,윌리엄 번스타인,라이팅하우스,역사,2019년 04월,63
364,그리스 로마 신화 100,토머스 불핀치,미래타임즈,역사,2019년 02월,64
365,나의 문화유산답사기 일본편 2 아스카·나라,유홍준,창비,역사,2013년 07월,65
366,어제까지의 세계,재레드 다이아몬드,김영사,역사,2013년 05월,66
367,미쳐야 미친다,정민,푸른역사,역사,2004년 04월,67
368,영어의 힘,멜빈 브래그,사이,역사,2019년 02월,68
369,땅의 역사 1 소인배와 대인들,박종인,상상출판,역사,2018년 11월,69
370,한국인은 왜 이렇게 먹을까?,주영하,휴머니스트,역사,2018년 01월,70
371,나의 문화유산답사기 8,유홍준,창비,역사,2015년 09월,71
372,세계 최고의 여행기 열하일기 하,박지원,북드라망,역사,2013년 09월,72
373,나의 문화유산답사기 2,유홍준,창비,역사,2011년 05월,73
374,백범일지 : MBC 느낌표! 선정 보급판,김구,돌베개,역사,2005년 11월,74
375,발해고,송기호,홍익출판사,역사,2000년 01월,75
376,1919,박찬승,다산초당,역사,2019년 04월,76
377,족집게 한국사,유정호,책들의정원,역사,2019년 05월,77
378,살아있는 한국사 교과서 2,전국역사교사모임,휴머니스트,역사,2019년 03월,78
379,"땅의 역사 2 치욕의 역사, 명예의 역사",박종인,상상출판,역사,2018년 11월,79
380,"조선의 딸, 총을 들다",정운현,인문서원,역사,2016년 03월,80
381,철도의 세계사,크리스티안 월마,다시봄,역사,2019년 05월,81
382,우리나라가 보이는 제2차 세계대전,박형식,북랩,역사,2019년 05월,82
383,내 안의 역사,전우용,푸른역사,역사,2019년 01월,83
384,본격 한중일 세계사 3,굽시니스트,위즈덤하우스,역사,2018년 10월,84
385,펠로폰네소스 전쟁사,투퀴디데스,숲,역사,2011년 06월,85
386,매천야록,허경진,서해문집,역사,2006년 10월,86
387,난중일기,이순신,서해문집,역사,2004년 08월,87
388,로마인 이야기 1,시오노 나나미,한길사,역사,1995년 09월,88
389,인간의 정의는 어떻게 탄생했는가,필립 샌즈,더봄,역사,2019년 04월,89
390,"5·18, 우리들의 이야기",광주서석고등학교 제5회 동창회,심미안,역사,2019년 05월,90
391,본격 한중일 세계사 4,굽시니스트,위즈덤하우스,역사,2018년 12월,91
392,간송 전형필,이충렬,김영사,역사,2010년 05월,92
393,사기열전 2,사마천,민음사,역사,2015년 06월,93
394,우리들의 과학 유산 답사기,김평원,인천대학교출판부,역사,2019년 04월,94
395,그리스인 이야기 2,시오노 나나미,살림출판사,역사,2017년 10월,95
396,한 권으로 읽는 조선왕조실록,박영규,웅진지식하우스,역사,2017년 02월,96
397,조선왕조실톡 5,변지민,이마,역사,2016년 12월,97
398,아무도 말하지 않는 미국 현대사 2,올리버 스톤,들녘,역사,2015년 03월,98
399,유대인 이야기,홍익희,행성B잎새,역사,2013년 01월,99
400,나의 문화유산답사기 7,유홍준,창비,역사,2012년 09월,100
401,방구석 미술관,조원재,블랙피쉬,예술,2018년 08월,1
402,스즈키 바이올린 교본 1,세광음악출판사,세광음악출판사,예술,2009년 12월,2
403,스즈키 바이올린 교본 2,세광음악출판사,세광음악출판사,예술,2009년 12월,3
404,시크릿 캐릭터 드로잉,타코,레진코믹스,예술,2019년 05월,4
405,너그럽고 속이 깊은 버들글씨 체본 노트,류미옥,42미디어콘텐츠,예술,2019년 05월,5
406,스즈키 바이올린 교본 4,세광음악출판사,세광음악출판사,예술,2011년 08월,6
407,스즈키 바이올린 교본 3,세광음악출판사,세광음악출판사,예술,2011년 05월,7
408,레이나의 피아노 노트,박혜란,삼호ETM,예술,2016년 06월,8
409,흑백 일러스트 테크닉,Jaco,삼호미디어,예술,2019년 05월,9
410,"누구나 그릴 수 있는 색연필 일러스트 10,000개",페이러냐오,이종문화사,예술,2017년 07월,10
411,쉽고 예쁜 손그림 그리기,카모,티나,예술,2017년 05월,11
412,마블 스튜디오 10주년 비주얼 딕셔너리,아담 브레이,아르누보,예술,2018년 11월,12
413,포인트 간추린 체르니 100,삼호뮤직(삼호출판사),삼호뮤직(삼호출판사),예술,2004년 12월,13
414,세광 뉴 바이엘 2,세광음악출판사,세광음악출판사,예술,1996년 05월,14
415,나의 첫 수채화 캘리그라피,이명선,경향비피,예술,2017년 09월,15
416,난생 처음 한번 공부하는 미술 이야기 5,양정무,사회평론,예술,2018년 12월,16
417,1일 1드로잉,수지,책밥,예술,2017년 09월,17
418,아이언맨 매뉴얼,대니얼 월리스,비채,예술,2016년 06월,18
419,일산오빠의 실용음악 기초이론 1,윤영준,1458music,예술,2015년 04월,19
420,다이나믹 드로잉,박리노,디지털북스,예술,2019년 02월,20
421,마블 스튜디오 10주년 스페셜 매거진 2,DISNEY PUBLISHING WORLDWIDE,아르누보,예술,2019년 04월,21
422,오늘 본 수채화 풍경,김소라,책밥,예술,2019년 04월,22
423,애뽈의 숲소녀 컬러링북,애뽈,시드앤피드,예술,2017년 11월,23
424,서양미술사,에른스트 H. 곰브리치,예경,예술,2002년 01월,24
425,스케치 쉽게 하기 마스터 컬렉션,김충원,진선아트북,예술,2019년 05월,25
426,타란티노 : 시네마 아트북,톰 숀,제우미디어,예술,2019년 05월,26
427,비밀의 정원 Secret Garden,조해너 배스포드,클,예술,2014년 08월,27
428,세광 뉴 바이엘 1,세광음악출판사,세광음악출판사,예술,1996년 05월,28
429,나도 수채화 잘 그리면 소원이 없겠네,차유정(위시유),한빛라이프,예술,2019년 01월,29
430,"다시, 그림이다",마틴 게이퍼드,디자인하우스,예술,2012년 10월,30
431,크레파스 봉봉 아티스트 에디션,봉봉오리,휴머니스트,예술,2019년 03월,31
432,흑요석이 그리는 한복 이야기,우나영,한스미디어,예술,2019년 02월,32
433,친절한 드로잉,박리노,디지털북스,예술,2017년 05월,33
434,피아노 소곡집 1,세광음악출판사,세광음악출판사,예술,1990년 03월,34
435,피아노로 연주하는 디즈니 OST 베스트,콘텐츠기획팀,삼호뮤직(삼호출판사),예술,2016년 12월,35
436,일산오빠의 실용음악 기초이론 2,윤영준,1458music,예술,2015년 09월,36
437,서드 포지션,세광음악출판사,세광음악출판사,예술,1983년 12월,37
438,어린이 바이엘 (하권),세광음악출판사,세광음악출판사,예술,1978년 07월,38
439,BTS: THE REVIEW,김영대,알에이치코리아(RHK),예술,2019년 03월,39
440,Fruits Market 후르츠 마켓,김이랑,휴머니스트,예술,2019년 05월,40
441,난생 처음 한번 공부하는 미술 이야기 1,양정무,사회평론,예술,2016년 05월,41
442,약화 컷 사전 1,우람출판사 편집부,우람,예술,2007년 06월,42
443,점잇기&컬러링북 (도시편),토마스 패빗,영진닷컴,예술,2015년 06월,43
444,다른 방식으로 보기,존 버거,열화당,예술,2012년 08월,44
445,시노자키 바이올린 교본 1,시노자키,세광음악출판사,예술,1991년 09월,45
446,세광 뉴 바이엘 4,세광음악출판사,세광음악출판사,예술,1996년 05월,46
447,어린이 바이엘 (상권),세광음악출판사,세광음악출판사,예술,1978년 07월,47
448,권혁재의 핸드폰 사진관,권혁재,동아시아,예술,2019년 05월,48
449,약화 컷 사전 2,우람출판사 편집부,우람,예술,2007년 06월,49
450,레이나의 피아노 노트 2,박혜란,삼호ETM,예술,2017년 07월,50
451,"반 고흐, 영혼의 편지",빈센트 반 고흐,예담,예술,2017년 05월,51
452,난생 처음 한번 공부하는 미술 이야기 2,양정무,사회평론,예술,2016년 05월,52
453,세광 뉴 바이엘 3,세광음악출판사,세광음악출판사,예술,1996년 05월,53
454,빈센트 반 고흐 Vincent Van Gogh 02,김영숙,유화컴퍼니,예술,2019년 04월,54
455,풍경 수채화 수업,고바야시 케이코,이종문화사,예술,2017년 09월,55
456,미치도록 쉬운 기타 1,강경애,삼호ETM,예술,2010년 04월,56
457,스즈키 첼로 교본 2,세광음악출판사,세광음악출판사,예술,2009년 12월,57
458,하농 60 피아노 교본,음악세계,음악세계,예술,2003년 10월,58
459,포인트 바이엘 2,삼호뮤직(삼호출판사),삼호뮤직(삼호출판사),예술,2007년 02월,59
460,빈센트 반 고흐 Vincent Van Gogh 01,김영숙,유화컴퍼니,예술,2019년 04월,60
461,냠냠 맛있는 꼬마손 동요곡집,박옥희,음악세계,예술,2006년 04월,61
462,버려지는 디자인 통과되는 디자인,이민기,길벗,예술,2017년 10월,62
463,난생 처음 한번 공부하는 미술 이야기 3,양정무,사회평론,예술,2017년 06월,63
464,스즈키 바이올린 교본 6,세광음악출판사,세광음악출판사,예술,2013년 10월,64
465,스즈키 첼로 교본 1,세광음악출판사,세광음악출판사,예술,2009년 11월,65
466,무슨 영화를 보겠다고,권오섭,오늘산책,예술,2019년 05월,66
467,에이틴,김사라,니들북,예술,2018년 12월,67
468,레이나의 피아노 노트 3,박혜란,삼호ETM,예술,2018년 08월,68
469,친절한 컬러링,박리노,디지털북스,예술,2017년 12월,69
470,난생 처음 한번 공부하는 미술 이야기 4,양정무,사회평론,예술,2017년 06월,70
471,데이비드 호크니,마르코 리빙스턴,시공아트,예술,2013년 10월,71
472,스즈키 바이올린 교본 5,세광음악출판사,세광음악출판사,예술,2012년 06월,72
473,냠냠 맛있는 재즈 소곡집 1,윤소희,음악세계,예술,2007년 03월,73
474,플루트교실 2,정효숙,삼호뮤직(삼호출판사),예술,2006년 12월,74
475,세광 소나티네 앨범,세광음악출판사,세광음악출판사,예술,2000년 03월,75
476,석가의 해부학 노트,석정현,성안당,예술,2017년 02월,76
477,미술관에 간 화학자,전창림,어바웃어북,예술,2013년 02월,77
478,로맨스는 별책부록 대본집 2,정현정,알에이치코리아(RHK),예술,2019년 04월,78
479,로맨스는 별책부록 대본집 1,정현정,알에이치코리아(RHK),예술,2019년 04월,79
480,보태니컬 라인 드로잉,페기 딘,지금이책,예술,2017년 09월,80
481,5분 스케치 세트,김충원,진선아트북,예술,2016년 09월,81
482,보타니컬 아트 컬러링북 : 플라워편,권영애,아이콘북스,예술,2015년 01월,82
483,Disney 디즈니 재즈소곡집 1,콘텐츠기획1,삼호뮤직(삼호출판사),예술,2014년 10월,83
484,꽃그림 작품으로 배우는 보타니컬 아트,권영애,미진사,예술,2010년 02월,84
485,타오르는 어둠 속에서|어느 계단의 이야기,안토니오 부에로 바예호,문학과지성사,예술,2002년 01월,85
486,피아노 명곡집 1,세광음악출판사,세광음악출판사,예술,1994년 05월,86
487,방탄소년단과 K팝,서병기,성안당,예술,2019년 05월,87
488,그랩더기타 타브악보집 LIMITED EDITION Vol.1,그랩더기타,그랩더기타,예술,2018년 07월,88
489,BTS: THE REVIEW (영문판),김영대,알에이치코리아(RHK),예술,2019년 03월,89
490,캘리그라피 소품만들기,이강미,예문아카이브(예문사),예술,2018년 11월,90
491,"카메라, 시작해보려 합니다",고이시 유카,더숲,예술,2018년 11월,91
492,보태니컬 수채화 컬러링북,고은정,경향미디어,예술,2018년 05월,92
493,드로잉 해부학,이매진FX,아트인북,예술,2016년 11월,93
494,따라 쓰며 쉽게 배우는 캘리그라피,박효지,단한권의책,예술,2015년 09월,94
495,아티스트 웨이,줄리아 카메론,경당,예술,2012년 05월,95
496,계이름 하늘 자전거 2,세광음악출판사,세광음악출판사,예술,2011년 07월,96
497,계이름 하늘 자전거 3,세광교육연구회,세광음악출판사,예술,2010년 12월,97
498,세프치크 바이올린 활쓰기 테크닉교본 OP.2-1,편집부,세광음악출판사,예술,1993년 04월,98
499,오이디푸스 왕,소포클레스,민음사,예술,2009년 08월,99
500,명화 속 신기한 수학 이야기,이명옥,시공아트,예술,2005년 06월,100
501,엄마 심리 수업,윤우상,심플라이프,인문,2019년 05월,1
502,철학은 어떻게 삶의 무기가 되는가,야마구치 슈,다산초당,인문,2019년 01월,2
503,12가지 인생의 법칙,조던 B. 피터슨,메이븐,인문,2018년 10월,3
504,당신이 옳다,정혜신,해냄,인문,2018년 10월,4
505,팩트풀니스,한스 로슬링,김영사,인문,2019년 03월,5
506,백 살까지 유쾌하게 나이 드는 법,이근후,메이븐,인문,2019년 05월,6
507,사피엔스,유발 하라리,김영사,인문,2015년 11월,7
508,존엄하게 산다는 것,게랄트 휘터,인플루엔셜,인문,2019년 05월,8
509,글의 품격 (리빙코랄),이기주,황소북스,인문,2019년 05월,9
510,삶이 괴롭냐고 심리학이 물었다,게일 브레너,포레스트북스,인문,2019년 05월,10
511,바닷가 작업실에서는 전혀 다른 시간이 흐른다,김정운,21세기북스,인문,2019년 05월,11
512,"다시, 책으로",매리언 울프,어크로스,인문,2019년 05월,12
513,어떻게 살 것인가,유시민,생각의길,인문,2013년 03월,13
514,지적 대화를 위한 넓고 얕은 지식,채사장,한빛비즈,인문,2014년 12월,14
515,미움받을 용기,기시미 이치로,인플루엔셜,인문,2014년 11월,15
516,어른은 어떻게 성장하는가,존 헤네시,부키,인문,2019년 05월,16
517,21세기를 위한 21가지 제언,유발 하라리,김영사,인문,2018년 09월,17
518,개인주의자 선언,문유석,문학동네,인문,2015년 09월,18
519,지적 대화를 위한 넓고 얕은 지식 : 현실너머 편,채사장,한빛비즈,인문,2015년 01월,19
520,어디서 살 것인가,유현준,을유문화사,인문,2018년 05월,20
521,호모 데우스,유발 하라리,김영사,인문,2017년 05월,21
522,이제껏 너를 친구라고 생각했는데,성유미,인플루엔셜,인문,2019년 03월,22
523,레오나르도 다빈치,월터 아이작슨,arte(아르테),인문,2019년 03월,23
524,초예측,오노 가즈모토,웅진지식하우스,인문,2019년 02월,24
525,라틴어 수업,한동일,흐름출판,인문,2017년 06월,25
526,유시민의 글쓰기 특강,유시민,생각의길,인문,2015년 04월,26
527,배드 블러드,존 캐리루,와이즈베리,인문,2019년 04월,27
528,정의란 무엇인가,마이클 샌델,와이즈베리,인문,2014년 11월,28
529,미움받을 용기 2,기시미 이치로,인플루엔셜,인문,2016년 04월,29
530,죽음의 수용소에서,빅터 프랭클,청아출판사,인문,2005년 08월,30
531,비폭력대화,마셜 로젠버그,한국NVC센터,인문,2017년 11월,31
532,융의 영혼의 지도,머리 스타인,문예출판사,인문,2015년 08월,32
533,쾌락독서,문유석,문학동네,인문,2018년 12월,33
534,나도 아직 나를 모른다,허지원,홍익출판사,인문,2018년 10월,34
535,아침에는 죽음을 생각하는 것이 좋다,김영민,어크로스,인문,2018년 11월,35
536,여덟 단어,박웅현,북하우스,인문,2013년 05월,36
537,윤태영의 좋은 문장론,윤태영,위즈덤하우스,인문,2019년 05월,37
538,퇴계의 사람 공부,퇴계 이황,홍익출판사,인문,2019년 05월,38
539,아픔이 길이 되려면,김승섭,동아시아,인문,2017년 09월,39
540,나는 감이 아니라 데이터로 말한다,신현호,한겨레출판,인문,2019년 02월,40
541,다른 게 아니라 틀린 겁니다,위근우,시대의창,인문,2019년 05월,41
542,관계를 읽는 시간,문요한,더퀘스트,인문,2018년 10월,42
543,우울할 땐 뇌과학,앨릭스 코브,심심,인문,2018년 03월,43
544,법화경 마음공부,페이융,유노북스,인문,2019년 05월,44
545,다가오는 말들,은유,어크로스,인문,2019년 03월,45
546,고민이 고민입니다,하지현,인플루엔셜,인문,2019년 02월,46
547,나는 매주 시체를 보러 간다,유성호,21세기북스,인문,2019년 01월,47
548,150년 하버드 글쓰기 비법,송숙희,유노북스,인문,2018년 11월,48
549,나는 심리치료사입니다,메리 파이퍼,위고,인문,2019년 04월,49
550,생각의 탄생,로버트 루트번스타인,에코의서재,인문,2007년 05월,50
551,우리는 왜 잠을 자야 할까,매슈 워커,열린책들,인문,2019년 02월,51
552,어쨌거나 잘살고 싶다면 신디의 결혼 수업,신디,더퀘스트,인문,2019년 04월,52
553,나는 정신병에 걸린 뇌 과학자입니다,바버라 립스카,심심,인문,2019년 03월,53
554,엄마의 첫 심리 공부,강현식,유노북스,인문,2019년 01월,54
555,변호사 논증법,최훈,웅진지식하우스,인문,2010년 08월,55
556,"혼자 남은 밤, 당신 곁의 책",표정훈,한겨레출판,인문,2019년 04월,56
557,크로스 사이언스,홍성욱,21세기북스,인문,2019년 01월,57
558,행복의 기원,서은국,21세기북스,인문,2014년 05월,58
559,생각의 융합,김경집,더숲,인문,2015년 03월,59
560,백년을 살아보니,김형석,덴스토리(DENSTORY),인문,2016년 08월,60
561,자기 인생의 철학자들,김지수,어떤책,인문,2018년 11월,61
562,예루살렘의 아이히만,한나 아렌트,한길사,인문,2006년 10월,62
563,국가란 무엇인가,유시민,돌베개,인문,2017년 01월,63
564,세상에서 가장 재미있는 63가지 심리실험,이케가야 유지,사람과나무사이,인문,2018년 12월,64
565,대화에 대하여,시어도어 젤딘,어크로스,인문,2019년 04월,65
566,마음가면,브렌 브라운,더퀘스트,인문,2016년 07월,66
567,비커밍 Becoming,미셸 오바마,웅진지식하우스,인문,2018년 11월,67
568,청춘의 독서 Gift Edition,유시민,웅진지식하우스,인문,2018년 07월,68
569,"명리, 운명을 읽다",강헌,돌베개,인문,2015년 12월,69
570,죽음의 수용소에서,빅터 프랭클,청아출판사,인문,2017년 12월,70
571,차라투스트라는 이렇게 말했다,프리드리히 니체,민음사,인문,2004년 01월,71
572,자유론,존 스튜어트 밀,책세상,인문,2018년 03월,72
573,인간이 그리는 무늬,최진석,소나무,인문,2013년 05월,73
574,북유럽 신화,닐 게이먼,나무의철학,인문,2019년 02월,74
575,돈으로 살 수 없는 것들,마이클 샌델,와이즈베리,인문,2012년 04월,75
576,그때 내 마음은 왜 그랬을까?,김나미,반니라이프,인문,2019년 04월,76
577,나무의 시간,김민식,브.레드,인문,2019년 04월,77
578,대통령의 글쓰기,강원국,메디치미디어,인문,2014년 02월,78
579,퇴근길 인문학 수업 : 멈춤,백상경제연구원,한빛비즈,인문,2018년 09월,79
580,이토록 아름다운 수학이라면,최영기,21세기북스,인문,2019년 03월,80
581,강원국의 글쓰기,강원국,메디치미디어,인문,2018년 06월,81
582,논어,공자,홍익출판사,인문,2016년 02월,82
583,세상에서 가장 재미있는 61가지 심리실험,이케가야 유지,사람과나무사이,인문,2019년 02월,83
584,예의 바른 나쁜 인간,이든 콜린즈워스,한빛비즈,인문,2019년 04월,84
585,차라리 이기적으로 살걸 그랬습니다,김영훈,21세기북스,인문,2019년 04월,85
586,자제력 수업,피터 홀린스,포레스트북스,인문,2019년 02월,86
587,나는 가해자의 엄마입니다,수 클리볼드,반비,인문,2016년 07월,87
588,우리 몸이 세계라면,김승섭,동아시아,인문,2018년 12월,88
589,을의 철학,송수진,한빛비즈,인문,2019년 03월,89
590,나의 책 읽기 수업,송승훈,나무연필,인문,2019년 01월,90
591,미술관에 간 심리학,윤현희,믹스커피,인문,2019년 04월,91
592,심미안 수업,윤광준,지와인,인문,2018년 12월,92
593,사이코패스는 일상의 그늘에 숨어 지낸다,이수정,중앙m&b,인문,2016년 11월,93
594,내 문장이 그렇게 이상한가요?,김정선,유유,인문,2016년 01월,94
595,명상록,마르쿠스 아우렐리우스,현대지성,인문,2018년 04월,95
596,손자병법,김원중,휴머니스트,인문,2016년 09월,96
597,더 라스트 걸 THE LAST GIRL,나디아 무라드,북트리거,인문,2019년 04월,97
598,어떻게 죽을 것인가,아툴 가완디,부키,인문,2015년 05월,98
599,논어,공자,현대지성,인문,2018년 10월,99
600,나의 문화유산답사기 일본편 4 교토의 명소,유홍준,창비,인문,2014년 11월,100
601,아주 작은 습관의 힘,제임스 클리어,비즈니스북스,자기계발,2019년 02월,1
602,말센스,셀레스트 헤들리,스몰빅라이프,자기계발,2019년 02월,2
603,1년 만에 교포로 오해받은 김아란의 영어 정복기,김아란,시대인,자기계발,2019년 06월,3
604,자존감 수업,윤홍균,심플라이프,자기계발,2016년 08월,4
605,그릿 Grit : 100쇄 기념 리커버 에디션,앤절라 더크워스,비즈니스북스,자기계발,2019년 02월,5
606,어른은 어떻게 성장하는가,존 헤네시,부키,자기계발,2019년 05월,6
607,시작의 기술,개리 비숍,웅진지식하우스,자기계발,2019년 04월,7
608,"기운 빼앗는 사람, 내 인생에서 빼버리세요",스테판 클레르제,위즈덤하우스,자기계발,2019년 04월,8
609,내 모든 습관은 여행에서 만들어졌다,김민식,위즈덤하우스,자기계발,2019년 05월,9
610,말의 품격,이기주,황소북스,자기계발,2017년 05월,10
611,일 잘하는 사람은 단순하게 합니다,박소연,더퀘스트,자기계발,2019년 03월,11
612,완벽한 공부법,고영성,로크미디어,자기계발,2017년 01월,12
613,지금 하지 않으면 언제 하겠는가,팀 페리스,토네이도,자기계발,2018년 04월,13
614,노무현의 리더십 이야기,노무현,돌베개,자기계발,2019년 05월,14
615,또 제 탓인가요?,로베르트 베츠,동양북스(동양books),자기계발,2019년 05월,15
616,오은영의 화해,오은영,코리아닷컴(Korea.com),자기계발,2019년 01월,16
617,하버드 100년 전통 말하기 수업,류리나,리드리드출판,자기계발,2019년 04월,17
618,나쁜 감정을 삶의 무기로 바꾸는 기술,나이토 요시히토,갤리온,자기계발,2019년 05월,18
619,말 그릇,김윤나,카시오페아,자기계발,2017년 09월,19
620,나는 아마존에서 미래를 다녔다,박정준,한빛비즈,자기계발,2019년 03월,20
621,다산의 마지막 공부,조윤제,청림출판,자기계발,2018년 12월,21
622,공부 마스터 플랜,조승우,포레스트북스,자기계발,2019년 01월,22
623,생각의 비밀,김승호,황금사자,자기계발,2015년 09월,23
624,굿 라이프,최인철,21세기북스,자기계발,2018년 06월,24
625,타이탄의 도구들,팀 페리스,토네이도,자기계발,2017년 04월,25
626,공부에 미친 사람들,김병완,다산북스,자기계발,2019년 01월,26
627,심리학이 이렇게 쓸모 있을 줄이야,류쉬안,다연,자기계발,2018년 09월,27
628,단 한 권을 읽어도 제대로 남는 메모 독서법,신정철,위즈덤하우스,자기계발,2019년 03월,28
629,신경 끄기의 기술,마크 맨슨,갤리온,자기계발,2017년 10월,29
630,카네기 인간관계론,데일 카네기,씨앗을뿌리는사람,자기계발,2004년 11월,30
631,엄마의 자존감 공부 (스페셜 에디션),김미경,21세기북스,자기계발,2019년 04월,31
632,리딩으로 리드하라,이지성,차이정원,자기계발,2016년 04월,32
633,말투 하나 바꿨을 뿐인데,나이토 요시히토,유노북스,자기계발,2017년 03월,33
634,초서 독서법,김병완,청림출판,자기계발,2019년 04월,34
635,머릿속이 뻥 뚫리는 생각 디자인,이윤석,아틀라스북스,자기계발,2019년 05월,35
636,부의 수레바퀴,낯선 곳에서의 아침,연필,자기계발,2019년 04월,36
637,왓칭 Watching,김상운,정신세계사,자기계발,2011년 04월,37
638,정승제 선생님이야! (스페셜 에디션),정승제,이지퍼블리싱,자기계발,2019년 04월,38
639,이지성의 꿈꾸는 다락방,이지성,차이정원,자기계발,2017년 06월,39
640,당신도 지금보다 10배 빨리 책을 읽는다,쓰노다 가즈마사,좋은날들,자기계발,2019년 05월,40
641,프레임,최인철,21세기북스,자기계발,2016년 09월,41
642,지금까지 산 것처럼 앞으로도 살 건가요?,김창옥,수오서재,자기계발,2019년 01월,42
643,프로 유튜버에 딱 맞는 목소리 만들기,김나연,예문,자기계발,2019년 04월,43
644,일취월장,고영성,로크미디어,자기계발,2017년 12월,44
645,나는 습관을 조금 바꾸기로 했다,사사키 후미오,쌤앤파커스,자기계발,2019년 01월,45
646,사람의 마음을 움직이는 힘,스티브 심스,갤리온,자기계발,2019년 04월,46
647,2억 빚을 진 내게 우주님이 가르쳐준 운이 풀리는 말버릇,고이케 히로시,나무생각,자기계발,2017년 08월,47
648,150년 하버드 글쓰기 비법,송숙희,유노북스,자기계발,2018년 11월,48
649,직장인 공부법,이형재,21세기북스,자기계발,2019년 04월,49
650,죽기엔 너무 젊고 살기엔 너무 가난하다,김남순,북스코리아,자기계발,2019년 04월,50
651,공부는 어떻게 내 삶을 바꾸었나,이종훈,북카라반,자기계발,2019년 02월,51
652,5년 후 나에게 Q&A a day,포터 스타일,토네이도,자기계발,2018년 11월,52
653,여사제 잇파트,바딤 젤란드,정신세계사,자기계발,2019년 05월,53
654,초전 설득,로버트 치알디니,21세기북스,자기계발,2018년 12월,54
655,알면서도 알지 못하는 것들,김승호,스노우폭스북스,자기계발,2017년 01월,55
656,내가 나에게 하는 말이 내 삶이 된다,우에니시 아키라,라이스메이커,자기계발,2019년 05월,56
657,닥터 도티의 삶을 바꾸는 마술가게,제임스 도티,판미동,자기계발,2016년 07월,57
658,하버드 1교시 자기 표현력의 힘,리처드 J. 라이트,힘찬북스,자기계발,2019년 04월,58
659,인간을 탐구하는 수업,사토 지에,다산북스,자기계발,2019년 02월,59
660,만만하게 보이지 않는 대화법,나이토 요시히토,홍익출판사,자기계발,2018년 03월,60
661,리얼리티 트랜서핑 1,바딤 젤란드,정신세계사,자기계발,2009년 02월,61
662,부자의 운,사이토 히토리,다산3.0,자기계발,2015년 04월,62
663,인생 절반은 나답게,사이토 다카시,심플라이프,자기계발,2019년 04월,63
664,변화의 시작 5AM 클럽,로빈 샤르마,한국경제신문사(한경비피),자기계발,2019년 01월,64
665,생각정리스킬,복주환,천그루숲,자기계발,2017년 01월,65
666,세상에서 가장 재미있는 63가지 심리실험,이케가야 유지,사람과나무사이,자기계발,2018년 12월,66
667,생각하라! 그러면 부자가 되리라,나폴레온 힐,국일미디어,자기계발,2018년 01월,67
668,기브 앤 테이크,애덤 그랜트,생각연구소,자기계발,2013년 06월,68
669,조이풀,잉그리드 페텔 리,한국경제신문사(한경비피),자기계발,2019년 04월,69
670,"아들아, 삶에 지치고 힘들 때 이 글을 읽어라",윤태진,다연,자기계발,2019년 04월,70
671,쓰레기처럼 사랑하라,김달,비사이드,자기계발,2019년 03월,71
672,내 인생이다 임마,장성규,넥서스BOOKS,자기계발,2019년 05월,72
673,기획의 정석,박신영,세종서적,자기계발,2013년 05월,73
674,어떻게 원하는 것을 얻는가 밀리언 특별판,스튜어트 다이아몬드,8.0(에이트 포인트),자기계발,2017년 11월,74
675,폴라리스 Polaris,고영성,로크미디어,자기계발,2018년 12월,75
676,영어책 한 권 외워봤니?,김민식,위즈덤하우스,자기계발,2017년 01월,76
677,일본 최고의 대부호에게 배우는 돈을 부르는 말버릇,미야모토 마유미,비즈니스북스,자기계발,2018년 09월,77
678,다윈이 자기계발서를 쓴다면,테리 버넘,스몰빅라이프,자기계발,2019년 05월,78
679,1日 1行의 기적,유근용,비즈니스북스,자기계발,2019년 03월,79
680,운을 읽는 변호사,니시나카 쓰토무,알투스,자기계발,2017년 10월,80
681,돈보다 운을 벌어라,김승호,쌤앤파커스,자기계발,2013년 04월,81
682,대학원생 때 알았더라면 좋았을 것들,최윤섭,클라우드나인,자기계발,2019년 04월,82
683,당신은 아무 일 없던 사람보다 강합니다,김창옥,수오서재,자기계발,2016년 10월,83
684,행동 뒤에 숨은 심리학,이영직,스마트비즈니스,자기계발,2018년 12월,84
685,보도 섀퍼의 돈,보도 섀퍼,북플러스,자기계발,2011년 05월,85
686,한 장 보고서의 정석,박신영,세종서적,자기계발,2018년 07월,86
687,모든 관계는 말투에서 시작된다,김범준,위즈덤하우스,자기계발,2017년 06월,87
688,횡설수설하지 않고 정확하게 설명하는 법,고구레 다이치,갈매나무,자기계발,2017년 08월,88
689,벌거벗은 통계학 (리커버 에디션),찰스 윌런,책읽는수요일,자기계발,2013년 10월,89
690,부자들이 죽어도 지키는 사소한 습관,스가와라 게이,쌤앤파커스,자기계발,2019년 05월,90
691,세상에서 가장 재미있는 61가지 심리실험,이케가야 유지,사람과나무사이,자기계발,2019년 02월,91
692,마흔이 되기 전에,팀 페리스,토네이도,자기계발,2018년 10월,92
693,청소력,마스다 미츠히로,나무한그루,자기계발,2007년 01월,93
694,그냥 평소처럼 말했을 뿐인데,방연주,북포스,자기계발,2019년 04월,94
695,차라리 이기적으로 살걸 그랬습니다,김영훈,21세기북스,자기계발,2019년 04월,95
696,누가 내 치즈를 옮겼을까?,스펜서 존슨,진명출판사,자기계발,2015년 05월,96
697,말투 하나로 의외로 잘 되기 시작했다,오시마 노부요리,위즈덤하우스,자기계발,2019년 01월,97
698,생각정리 스피치,복주환,천그루숲,자기계발,2018년 01월,98
699,절제의 성공학,미즈노 남보쿠,바람,자기계발,2013년 07월,99
700,리얼리티 트랜서핑 3,바딤 젤란드,정신세계사,자기계발,2009년 05월,100
